win,lose,probability
Toronto Raptors,New Orleans Pelicans,0.7799665125601418
Los Angeles Clippers,Los Angeles Lakers,0.6310407892136046
Orlando Magic,Cleveland Cavaliers,0.7916183544527462
Indiana Pacers,Detroit Pistons,0.6016499099715636
Charlotte Hornets,Chicago Bulls,0.7893853906576919
Miami Heat,Memphis Grizzlies,0.5866217439471764
Brooklyn Nets,Minnesota Timberwolves,0.5698007856143177
Philadelphia 76ers,Boston Celtics,0.5161926593912812
Dallas Mavericks,Washington Wizards,0.5365302513485805
San Antonio Spurs,New York Knicks,0.8876616766321265
Utah Jazz,Oklahoma City Thunder,0.5205461157042778
Denver Nuggets,Portland Trail Blazers,0.501809451009358
Sacramento Kings,Phoenix Suns,0.770406253602528
Detroit Pistons,Atlanta Hawks,0.7058962516965285
Milwaukee Bucks,Houston Rockets,0.5924991850296528
Golden State Warriors,Los Angeles Clippers,0.65953088772949
Toronto Raptors,Boston Celtics,0.5873758252744365
Charlotte Hornets,Minnesota Timberwolves,0.5284887838484443
Brooklyn Nets,New York Knicks,0.8517332644906015
Oklahoma City Thunder,Washington Wizards,0.7284216225217695
New Orleans Pelicans,Dallas Mavericks,0.5284970010763473
Memphis Grizzlies,Chicago Bulls,0.7328714026481945
Denver Nuggets,Phoenix Suns,0.9089719824154175
Portland Trail Blazers,Sacramento Kings,0.6955557568723127
Utah Jazz,Los Angeles Lakers,0.6987682146302908
Milwaukee Bucks,Miami Heat,0.7762111443822707
Philadelphia 76ers,Detroit Pistons,0.6267264342467352
Orlando Magic,Atlanta Hawks,0.7801462550115905
Boston Celtics,New York Knicks,0.8796313788412882
Houston Rockets,New Orleans Pelicans,0.760165934125678
Indiana Pacers,Cleveland Cavaliers,0.8632096983672676
Toronto Raptors,Chicago Bulls,0.8925718745723781
San Antonio Spurs,Washington Wizards,0.6868925982588849
Utah Jazz,Sacramento Kings,0.6987869951921727
Los Angeles Clippers,Phoenix Suns,0.8484424670733346
Golden State Warriors,Oklahoma City Thunder,0.5980903912647955
Brooklyn Nets,Memphis Grizzlies,0.6260353812364181
Miami Heat,Minnesota Timberwolves,0.5307534444978604
Portland Trail Blazers,Dallas Mavericks,0.7173549098160081
Charlotte Hornets,Los Angeles Lakers,0.5011730568384745
Indiana Pacers,Detroit Pistons,0.61537232992517
New York Knicks,Chicago Bulls,0.5030510908996152
Philadelphia 76ers,Atlanta Hawks,0.7847282496033301
Toronto Raptors,Orlando Magic,0.6145897841752638
Golden State Warriors,New Orleans Pelicans,0.7909081562714619
Milwaukee Bucks,Cleveland Cavaliers,0.9409881135402413
Houston Rockets,Oklahoma City Thunder,0.5757789996400793
Portland Trail Blazers,San Antonio Spurs,0.5725172312117541
Utah Jazz,Phoenix Suns,0.8893196890744131
Denver Nuggets,Sacramento Kings,0.711380297001867
Los Angeles Clippers,Charlotte Hornets,0.6175101801362912
Miami Heat,Atlanta Hawks,0.6917689503536991
Denver Nuggets,Dallas Mavericks,0.7703982365226706
Los Angeles Lakers,Memphis Grizzlies,0.5572959507881866
Philadelphia 76ers,Minnesota Timberwolves,0.7024090155601724
Orlando Magic,New York Knicks,0.7944210265556714
Cleveland Cavaliers,Chicago Bulls,0.5228460079409551
Toronto Raptors,Detroit Pistons,0.7364672777892968
Indiana Pacers,Brooklyn Nets,0.609562086041618
Milwaukee Bucks,Boston Celtics,0.6624488456996172
Portland Trail Blazers,Oklahoma City Thunder,0.5227670652411516
Houston Rockets,Washington Wizards,0.7702326668466846
Charlotte Hornets,Sacramento Kings,0.5021339937175204
Utah Jazz,Los Angeles Clippers,0.5816858641230388
Golden State Warriors,Phoenix Suns,0.9274129504303588
Miami Heat,Atlanta Hawks,0.6442829349030755
Denver Nuggets,New Orleans Pelicans,0.7502411569639849
San Antonio Spurs,Los Angeles Clippers,0.5240985897825052
Houston Rockets,Brooklyn Nets,0.6468467632612946
Indiana Pacers,Cleveland Cavaliers,0.8858759177568573
Milwaukee Bucks,Orlando Magic,0.8309464723261265
Boston Celtics,New York Knicks,0.9063538971479704
Detroit Pistons,Chicago Bulls,0.7591950718249181
Los Angeles Lakers,Dallas Mavericks,0.5139964977460234
Utah Jazz,Sacramento Kings,0.6995766800611051
Golden State Warriors,San Antonio Spurs,0.6367104374157769
Oklahoma City Thunder,New Orleans Pelicans,0.7009521224714945
Brooklyn Nets,Detroit Pistons,0.5151906335226413
Denver Nuggets,Orlando Magic,0.7471170582842683
Memphis Grizzlies,Phoenix Suns,0.7574654759189503
Milwaukee Bucks,Toronto Raptors,0.5407176485433897
Minnesota Timberwolves,Washington Wizards,0.5801476792907909
Golden State Warriors,Charlotte Hornets,0.757050689690595
Portland Trail Blazers,Philadelphia 76ers,0.546332072592412
Indiana Pacers,Chicago Bulls,0.8589128488450151
Houston Rockets,Miami Heat,0.6674824769374605
Sacramento Kings,New York Knicks,0.7743046384894829
San Antonio Spurs,Los Angeles Lakers,0.6418147096610808
Dallas Mavericks,Cleveland Cavaliers,0.7046508396850377
Utah Jazz,Los Angeles Clippers,0.5884964675717366
Detroit Pistons,Washington Wizards,0.6248483978841679
Brooklyn Nets,New Orleans Pelicans,0.5822515714006309
Houston Rockets,Memphis Grizzlies,0.7472788503582921
Milwaukee Bucks,Minnesota Timberwolves,0.8212379587247782
Philadelphia 76ers,Phoenix Suns,0.8751766126642315
Golden State Warriors,Portland Trail Blazers,0.5790537620244675
Indiana Pacers,Charlotte Hornets,0.64849527401798
Boston Celtics,Cleveland Cavaliers,0.8709855375594653
San Antonio Spurs,Atlanta Hawks,0.7628623830669483
Los Angeles Lakers,Chicago Bulls,0.7267264258460233
Oklahoma City Thunder,Orlando Magic,0.5132497544923987
Denver Nuggets,Miami Heat,0.7087011036855356
Detroit Pistons,New York Knicks,0.8486151618732903
Indiana Pacers,Washington Wizards,0.6867399070043488
Atlanta Hawks,Chicago Bulls,0.665625771318648
Golden State Warriors,Houston Rockets,0.5239220062462127
Toronto Raptors,Sacramento Kings,0.7643446910287879
Minnesota Timberwolves,Memphis Grizzlies,0.5493156263952002
Orlando Magic,Dallas Mavericks,0.687237536411705
Utah Jazz,Philadelphia 76ers,0.5261284210134971
Milwaukee Bucks,Los Angeles Clippers,0.715779641961528
Boston Celtics,Charlotte Hornets,0.6637217082303821
Oklahoma City Thunder,San Antonio Spurs,0.5491610988676139
Miami Heat,Phoenix Suns,0.7769693841503447
Portland Trail Blazers,Los Angeles Clippers,0.5838731655008135
Indiana Pacers,Detroit Pistons,0.6016499099715636
Orlando Magic,Memphis Grizzlies,0.5112863882706447
Washington Wizards,Cleveland Cavaliers,0.755241816212009
Sacramento Kings,Atlanta Hawks,0.6356462524665344
Golden State Warriors,Minnesota Timberwolves,0.7766434405143379
Toronto Raptors,New Orleans Pelicans,0.7837839175384279
Dallas Mavericks,New York Knicks,0.8065623190401809
Denver Nuggets,Philadelphia 76ers,0.5472709041449908
Milwaukee Bucks,Utah Jazz,0.6450944760571444
Portland Trail Blazers,Brooklyn Nets,0.6554942647300058
Miami Heat,Los Angeles Lakers,0.501430034658696
Boston Celtics,San Antonio Spurs,0.5483853693653383
Charlotte Hornets,New Orleans Pelicans,0.5411724315796674
Houston Rockets,Chicago Bulls,0.8638589671794366
Memphis Grizzlies,Dallas Mavericks,0.512059708665477
Golden State Warriors,Oklahoma City Thunder,0.5980903912647955
Denver Nuggets,Minnesota Timberwolves,0.7341346651232443
Indiana Pacers,Orlando Magic,0.6988755411381343
Philadelphia 76ers,Charlotte Hornets,0.6866493001193649
Milwaukee Bucks,Oklahoma City Thunder,0.6628587898404217
New York Knicks,Cleveland Cavaliers,0.5634573204910164
Brooklyn Nets,Phoenix Suns,0.8160945642253923
Portland Trail Blazers,Atlanta Hawks,0.8291472571042583
Toronto Raptors,Los Angeles Lakers,0.7476673044953253
Detroit Pistons,Minnesota Timberwolves,0.5637901145586187
Boston Celtics,Dallas Mavericks,0.7405519071592235
Houston Rockets,New Orleans Pelicans,0.7346390328117569
San Antonio Spurs,Memphis Grizzlies,0.681450452014746
Golden State Warriors,Utah Jazz,0.5744010938806717
Toronto Raptors,Los Angeles Clippers,0.6462335244836029
Oklahoma City Thunder,Indiana Pacers,0.5493368428097882
Philadelphia 76ers,Cleveland Cavaliers,0.9096149741309152
Miami Heat,Detroit Pistons,0.5006565029134712
Chicago Bulls,New York Knicks,0.6238095738888753
Denver Nuggets,Atlanta Hawks,0.8296832777687408
Los Angeles Lakers,Phoenix Suns,0.7666289226792729
Utah Jazz,Brooklyn Nets,0.6369212573874995
Portland Trail Blazers,Sacramento Kings,0.6955557568723127
Charlotte Hornets,Memphis Grizzlies,0.5682391870947754
Philadelphia 76ers,Orlando Magic,0.7089305878095807
Boston Celtics,Washington Wizards,0.7287842479318745
Houston Rockets,Los Angeles Clippers,0.6348166056409873
San Antonio Spurs,Minnesota Timberwolves,0.6676563246946994
Golden State Warriors,Los Angeles Lakers,0.7556105124785005
Toronto Raptors,Portland Trail Blazers,0.5486441599373137
Miami Heat,Cleveland Cavaliers,0.7669236919078104
Milwaukee Bucks,Chicago Bulls,0.9259576100940746
Los Angeles Clippers,New Orleans Pelicans,0.6641203885429756
Dallas Mavericks,New York Knicks,0.7208712407412375
Atlanta Hawks,Phoenix Suns,0.6350148282664497
Denver Nuggets,Brooklyn Nets,0.6563492895390405
Detroit Pistons,Charlotte Hornets,0.5181721147986906
San Antonio Spurs,Orlando Magic,0.6824809017162226
Houston Rockets,Indiana Pacers,0.5929307773345763
Utah Jazz,Memphis Grizzlies,0.751932927397785
Minnesota Timberwolves,Washington Wizards,0.5344284342095076
Oklahoma City Thunder,Philadelphia 76ers,0.5065231333795005
Golden State Warriors,Boston Celtics,0.602734029831333
Los Angeles Lakers,Sacramento Kings,0.507940629621897
Brooklyn Nets,Chicago Bulls,0.782247512513226
Milwaukee Bucks,Indiana Pacers,0.706359389906613
Charlotte Hornets,New York Knicks,0.7806120519547058
Miami Heat,New Orleans Pelicans,0.5598146815366309
Houston Rockets,Minnesota Timberwolves,0.7179047080002839
Toronto Raptors,Dallas Mavericks,0.7676713835333695
Portland Trail Blazers,San Antonio Spurs,0.5725172312117541
Los Angeles Clippers,Atlanta Hawks,0.763554338007148
Philadelphia 76ers,Cleveland Cavaliers,0.868807444310461
Boston Celtics,Sacramento Kings,0.6744196810209411
Denver Nuggets,Memphis Grizzlies,0.7623781864817369
Orlando Magic,Washington Wizards,0.5175775997741352
Golden State Warriors,New Orleans Pelicans,0.7909081562714619
Los Angeles Lakers,Atlanta Hawks,0.6656509923168649
New York Knicks,Cleveland Cavaliers,0.5634573204910164
Indiana Pacers,Brooklyn Nets,0.609562086041618
Toronto Raptors,Charlotte Hornets,0.7577147503324368
Milwaukee Bucks,Chicago Bulls,0.9197078066345143
Houston Rockets,Portland Trail Blazers,0.5524617703706456
San Antonio Spurs,Dallas Mavericks,0.6657787323050158
Boston Celtics,Phoenix Suns,0.8772639015259945
Utah Jazz,Minnesota Timberwolves,0.7066908377715774
Oklahoma City Thunder,Los Angeles Clippers,0.5606613613060996
Golden State Warriors,Memphis Grizzlies,0.8015916013830044
Portland Trail Blazers,New Orleans Pelicans,0.7357558477773408
Sacramento Kings,Phoenix Suns,0.8025801416645802
Oklahoma City Thunder,Los Angeles Lakers,0.6742635279875946
Philadelphia 76ers,New York Knicks,0.9110090334920986
San Antonio Spurs,Washington Wizards,0.7257444214579996
Milwaukee Bucks,Atlanta Hawks,0.8803333228914714
Brooklyn Nets,Charlotte Hornets,0.5515024871108948
Golden State Warriors,Dallas Mavericks,0.7751742367862795
Miami Heat,Cleveland Cavaliers,0.8374767072616626
Toronto Raptors,Orlando Magic,0.6145897841752638
Detroit Pistons,Chicago Bulls,0.7591950718249181
Utah Jazz,Minnesota Timberwolves,0.7228991436820533
Denver Nuggets,Houston Rockets,0.5195303907554729
Boston Celtics,Los Angeles Clippers,0.5598895611945023
Milwaukee Bucks,Portland Trail Blazers,0.6051719568539083
New Orleans Pelicans,Phoenix Suns,0.7543194776566612
Detroit Pistons,Atlanta Hawks,0.7058962516965285
Charlotte Hornets,Washington Wizards,0.5981288913974105
Brooklyn Nets,Sacramento Kings,0.5605022446730349
Miami Heat,Chicago Bulls,0.7382312247267084
Oklahoma City Thunder,Los Angeles Lakers,0.6865946737325269
Philadelphia 76ers,San Antonio Spurs,0.5520700425226689
Dallas Mavericks,Cleveland Cavaliers,0.8038843079536852
Denver Nuggets,Boston Celtics,0.5424983445293112
Golden State Warriors,Utah Jazz,0.5790804589471703
Houston Rockets,Los Angeles Clippers,0.5824787005200665
Minnesota Timberwolves,Phoenix Suns,0.7839598747092715
Charlotte Hornets,Chicago Bulls,0.7893853906576919
Orlando Magic,Indiana Pacers,0.5371056584431404
Toronto Raptors,Atlanta Hawks,0.8421737793505224
San Antonio Spurs,New York Knicks,0.863503537882394
Philadelphia 76ers,Miami Heat,0.6864280887067749
Portland Trail Blazers,Cleveland Cavaliers,0.8816011439507336
Los Angeles Lakers,Memphis Grizzlies,0.5534228639896324
Milwaukee Bucks,Detroit Pistons,0.7562530623182113
Utah Jazz,New Orleans Pelicans,0.7171464620523084
Houston Rockets,Dallas Mavericks,0.7939266302405715
Brooklyn Nets,New York Knicks,0.8193990418609516
Sacramento Kings,Washington Wizards,0.5893351078336564
Denver Nuggets,Phoenix Suns,0.9089719824154175
Los Angeles Clippers,New Orleans Pelicans,0.6466334072707502
Brooklyn Nets,Cleveland Cavaliers,0.8073742389363505
Orlando Magic,Detroit Pistons,0.6204081921717204
Indiana Pacers,Memphis Grizzlies,0.6812963381925502
Minnesota Timberwolves,Atlanta Hawks,0.6268388671600216
Boston Celtics,Sacramento Kings,0.6824051824261109
Miami Heat,Charlotte Hornets,0.5287507489083072
Toronto Raptors,Philadelphia 76ers,0.6081945383931177
Portland Trail Blazers,Chicago Bulls,0.864532223884726
Milwaukee Bucks,Utah Jazz,0.6006088576516767
San Antonio Spurs,Los Angeles Lakers,0.6418147096610808
Golden State Warriors,Oklahoma City Thunder,0.6019836707510436
Los Angeles Clippers,Dallas Mavericks,0.6431504704232305
Denver Nuggets,Washington Wizards,0.7595447515286654
Boston Celtics,Brooklyn Nets,0.6190092650335424
Detroit Pistons,Charlotte Hornets,0.5181721147986906
Orlando Magic,Cleveland Cavaliers,0.8657087943148721
Utah Jazz,Indiana Pacers,0.5773485621768246
Philadelphia 76ers,Sacramento Kings,0.6944396795824059
Toronto Raptors,New York Knicks,0.9359386387221194
Houston Rockets,Miami Heat,0.7363885271358066
Los Angeles Clippers,Memphis Grizzlies,0.6786498826490899
Milwaukee Bucks,Atlanta Hawks,0.874134661927364
San Antonio Spurs,Minnesota Timberwolves,0.6456227963999304
Washington Wizards,Phoenix Suns,0.7284931067268745
Los Angeles Lakers,New Orleans Pelicans,0.5370934150560929
Portland Trail Blazers,Oklahoma City Thunder,0.5407800344684938
Golden State Warriors,Chicago Bulls,0.9181910312953199
Boston Celtics,Brooklyn Nets,0.6255010860741173
Detroit Pistons,Charlotte Hornets,0.5454401092583773
Toronto Raptors,Orlando Magic,0.7809568884884086
Milwaukee Bucks,Cleveland Cavaliers,0.9303844233180815
Philadelphia 76ers,New York Knicks,0.8775787335169605
Indiana Pacers,Atlanta Hawks,0.7717326807207054
Utah Jazz,Memphis Grizzlies,0.751932927397785
Golden State Warriors,Miami Heat,0.7328127722091933
Oklahoma City Thunder,New Orleans Pelicans,0.7009521224714945
San Antonio Spurs,Los Angeles Clippers,0.5125437032417047
Dallas Mavericks,Phoenix Suns,0.7163879681038612
Portland Trail Blazers,Chicago Bulls,0.8973171799111948
Los Angeles Lakers,Washington Wizards,0.5635005280954871
Denver Nuggets,Sacramento Kings,0.711380297001867
Philadelphia 76ers,Indiana Pacers,0.5330232607986418
Houston Rockets,Atlanta Hawks,0.8483324719723117
Milwaukee Bucks,Charlotte Hornets,0.7763896506983012
Brooklyn Nets,Miami Heat,0.551248220664705
Minnesota Timberwolves,Memphis Grizzlies,0.5281566402468432
Boston Celtics,New York Knicks,0.8796313788412882
Los Angeles Lakers,Dallas Mavericks,0.578289874450349
San Antonio Spurs,Detroit Pistons,0.5970526251602943
Oklahoma City Thunder,New Orleans Pelicans,0.7169084400068307
Golden State Warriors,Orlando Magic,0.7881490991451979
Toronto Raptors,Utah Jazz,0.5752843148364605
Los Angeles Clippers,Washington Wizards,0.6767917699548266
Charlotte Hornets,Phoenix Suns,0.8101243722649262
Utah Jazz,Philadelphia 76ers,0.5130585708398265
Golden State Warriors,Atlanta Hawks,0.8477478215857686
Indiana Pacers,Memphis Grizzlies,0.7159410781101193
Milwaukee Bucks,New York Knicks,0.9419291790263277
Sacramento Kings,Chicago Bulls,0.7812396590397646
Detroit Pistons,Cleveland Cavaliers,0.7862550032036043
Orlando Magic,Washington Wizards,0.7448287309812605
New Orleans Pelicans,Dallas Mavericks,0.5284970010763473
Toronto Raptors,Miami Heat,0.757525991915129
Houston Rockets,San Antonio Spurs,0.5711126649084601
Denver Nuggets,Los Angeles Lakers,0.7206730876673351
Portland Trail Blazers,Los Angeles Clippers,0.5838731655008135
Golden State Warriors,Charlotte Hornets,0.7473044204429983
Milwaukee Bucks,Detroit Pistons,0.7721256114799627
Orlando Magic,Phoenix Suns,0.7722924316478389
Brooklyn Nets,Atlanta Hawks,0.6976261027392132
Boston Celtics,Miami Heat,0.6742260787383992
Memphis Grizzlies,Chicago Bulls,0.6901627788209092
Oklahoma City Thunder,Indiana Pacers,0.518576659333159
Minnesota Timberwolves,Dallas Mavericks,0.5098478043403032
Utah Jazz,Los Angeles Lakers,0.7032373418939016
Portland Trail Blazers,Sacramento Kings,0.7156083761030264
Philadelphia 76ers,Washington Wizards,0.7499108263930077
Denver Nuggets,New York Knicks,0.8968586508480922
Toronto Raptors,Houston Rockets,0.5813312434422561
New Orleans Pelicans,Phoenix Suns,0.769359365029495
Brooklyn Nets,Charlotte Hornets,0.5506410357555422
Orlando Magic,Cleveland Cavaliers,0.8657087943148721
Indiana Pacers,Detroit Pistons,0.61537232992517
Denver Nuggets,Boston Celtics,0.5411992443474506
Golden State Warriors,Chicago Bulls,0.8965845465809429
Miami Heat,Washington Wizards,0.5927156875283855
Oklahoma City Thunder,Minnesota Timberwolves,0.6901565119698716
Milwaukee Bucks,Los Angeles Clippers,0.6833860034530063
San Antonio Spurs,Sacramento Kings,0.6369188201526517
Portland Trail Blazers,Los Angeles Lakers,0.7199098084362703
Dallas Mavericks,New Orleans Pelicans,0.5028970874572624
Indiana Pacers,New York Knicks,0.8723002333802884
Philadelphia 76ers,Cleveland Cavaliers,0.9096149741309152
Houston Rockets,Phoenix Suns,0.9197787332570966
Utah Jazz,Memphis Grizzlies,0.7388419116231523
Denver Nuggets,Brooklyn Nets,0.6652587036037894
Charlotte Hornets,Atlanta Hawks,0.6754754987644818
Miami Heat,Chicago Bulls,0.801639224595474
Toronto Raptors,Philadelphia 76ers,0.5737130761855463
Los Angeles Clippers,Washington Wizards,0.7053794960304569
Sacramento Kings,Dallas Mavericks,0.5192989287873478
Portland Trail Blazers,Oklahoma City Thunder,0.5407800344684938
Los Angeles Lakers,Minnesota Timberwolves,0.517393718939046
Indiana Pacers,Los Angeles Clippers,0.5123663476743341
Boston Celtics,Cleveland Cavaliers,0.9048945271536293
Toronto Raptors,Chicago Bulls,0.8925718745723781
Houston Rockets,Sacramento Kings,0.7436004493398316
Milwaukee Bucks,Orlando Magic,0.6390411795182863
Detroit Pistons,New Orleans Pelicans,0.5790419239678444
Minnesota Timberwolves,Phoenix Suns,0.7636451206771686
Utah Jazz,Oklahoma City Thunder,0.5205461157042778
Golden State Warriors,Memphis Grizzlies,0.7976166736482535
Charlotte Hornets,Washington Wizards,0.5744075187588228
Denver Nuggets,Philadelphia 76ers,0.5272381448168602
Miami Heat,Atlanta Hawks,0.6917689503536991
Portland Trail Blazers,New York Knicks,0.918925805094375
Houston Rockets,Cleveland Cavaliers,0.8810010409916401
Boston Celtics,Indiana Pacers,0.5485611671175168
Los Angeles Lakers,Orlando Magic,0.5329628873093015
Toronto Raptors,Los Angeles Clippers,0.6603419102403738
Brooklyn Nets,Charlotte Hornets,0.5515024871108948
Atlanta Hawks,Chicago Bulls,0.5847965189289264
Utah Jazz,Minnesota Timberwolves,0.7228991436820533
Memphis Grizzlies,Phoenix Suns,0.7334459358556593
Milwaukee Bucks,New Orleans Pelicans,0.7973849173765175
Oklahoma City Thunder,Sacramento Kings,0.6751071821455226
Golden State Warriors,New York Knicks,0.9357216192848486
Boston Celtics,Philadelphia 76ers,0.5069815105569428
San Antonio Spurs,Cleveland Cavaliers,0.8859476650664189
Detroit Pistons,Dallas Mavericks,0.623096602180502
Denver Nuggets,Portland Trail Blazers,0.5180982691241157
Houston Rockets,Orlando Magic,0.731389648585836
Philadelphia 76ers,New Orleans Pelicans,0.7129552770899916
Indiana Pacers,Atlanta Hawks,0.7764660215514197
Charlotte Hornets,Chicago Bulls,0.7380325351145661
Milwaukee Bucks,Memphis Grizzlies,0.8422170167134791
Miami Heat,Los Angeles Lakers,0.5430980071752363
Los Angeles Clippers,Minnesota Timberwolves,0.6450874184469055
Sacramento Kings,New York Knicks,0.822442088061265
Golden State Warriors,Utah Jazz,0.5790804589471703
San Antonio Spurs,Phoenix Suns,0.8608690223882385
Toronto Raptors,Brooklyn Nets,0.7103627908970274
Los Angeles Clippers,Chicago Bulls,0.819230180099692
Washington Wizards,Memphis Grizzlies,0.5030319095194411
Miami Heat,Dallas Mavericks,0.5286484448263491
Milwaukee Bucks,Cleveland Cavaliers,0.9409881135402413
Denver Nuggets,Oklahoma City Thunder,0.5417207177971288
Houston Rockets,Detroit Pistons,0.7141866726660627
Orlando Magic,New Orleans Pelicans,0.7067977955662997
Indiana Pacers,Charlotte Hornets,0.6282808008552732
Los Angeles Lakers,Atlanta Hawks,0.6307145612370451
Philadelphia 76ers,Brooklyn Nets,0.6209820671548605
Denver Nuggets,New York Knicks,0.9192076067203686
Golden State Warriors,Sacramento Kings,0.7636931347698014
Detroit Pistons,Washington Wizards,0.6088156718760515
Toronto Raptors,Cleveland Cavaliers,0.9349072024239695
Houston Rockets,San Antonio Spurs,0.611315882673935
Miami Heat,Memphis Grizzlies,0.5678854586998547
Milwaukee Bucks,Dallas Mavericks,0.8270980840485669
Oklahoma City Thunder,Chicago Bulls,0.8816341690164788
Portland Trail Blazers,Phoenix Suns,0.8874296773204872
Charlotte Hornets,Sacramento Kings,0.5190510027311808
Indiana Pacers,Los Angeles Lakers,0.6416515038918205
Atlanta Hawks,New York Knicks,0.6401382701198598
Brooklyn Nets,New Orleans Pelicans,0.610492341679064
Utah Jazz,Orlando Magic,0.5328342771893625
Los Angeles Clippers,Phoenix Suns,0.8687587842464761
Charlotte Hornets,Cleveland Cavaliers,0.7667398993138697
Toronto Raptors,Detroit Pistons,0.7107961947986534
Washington Wizards,Chicago Bulls,0.707602090412556
Philadelphia 76ers,Miami Heat,0.6864280887067749
Minnesota Timberwolves,New Orleans Pelicans,0.500784662416439
Oklahoma City Thunder,Memphis Grizzlies,0.7234106424811965
Boston Celtics,Dallas Mavericks,0.6970731262927752
Denver Nuggets,Orlando Magic,0.5539312330610463
Golden State Warriors,Portland Trail Blazers,0.5591584110217527
Utah Jazz,Atlanta Hawks,0.8068578770027027
Milwaukee Bucks,Los Angeles Lakers,0.7862454092757103
San Antonio Spurs,Brooklyn Nets,0.5701623990525582
Houston Rockets,Los Angeles Clippers,0.5824787005200665
Memphis Grizzlies,Cleveland Cavaliers,0.7221409374551007
Indiana Pacers,Sacramento Kings,0.6367546461433438
Boston Celtics,Detroit Pistons,0.6492822537610943
Toronto Raptors,Washington Wizards,0.8022258712450684
Miami Heat,New York Knicks,0.8397874259527066
Oklahoma City Thunder,Phoenix Suns,0.8945034897989117
Philadelphia 76ers,Dallas Mavericks,0.7511864355055557
Denver Nuggets,Minnesota Timberwolves,0.724003312560208
Portland Trail Blazers,Orlando Magic,0.5529949319456967
Golden State Warriors,New Orleans Pelicans,0.7793456796641971
Utah Jazz,Charlotte Hornets,0.689324535988276
Brooklyn Nets,Atlanta Hawks,0.7109527012904224
Detroit Pistons,Chicago Bulls,0.8120986184504492
Philadelphia 76ers,Washington Wizards,0.7397316002334641
Milwaukee Bucks,New York Knicks,0.9353451634599788
Sacramento Kings,Memphis Grizzlies,0.5586644866416919
San Antonio Spurs,Los Angeles Clippers,0.5125437032417047
Houston Rockets,Phoenix Suns,0.8868553248026216
Portland Trail Blazers,Minnesota Timberwolves,0.7232456387650205
Toronto Raptors,Dallas Mavericks,0.8116306282003178
Boston Celtics,Charlotte Hornets,0.6744518156805142
Milwaukee Bucks,Indiana Pacers,0.6439464528005858
Oklahoma City Thunder,Los Angeles Clippers,0.5624676357262038
Denver Nuggets,Los Angeles Lakers,0.7105904553777826
Atlanta Hawks,Cleveland Cavaliers,0.6216884766040818
Philadelphia 76ers,Detroit Pistons,0.6267264342467352
Toronto Raptors,Indiana Pacers,0.6356814503977084
Washington Wizards,New York Knicks,0.732856381198981
Orlando Magic,Chicago Bulls,0.7487030694665627
Utah Jazz,Miami Heat,0.6729629566203752
San Antonio Spurs,Memphis Grizzlies,0.700076830736845
Denver Nuggets,Phoenix Suns,0.8947894818631903
Portland Trail Blazers,New Orleans Pelicans,0.7333338150762259
Houston Rockets,Sacramento Kings,0.6943396225218477
Golden State Warriors,Minnesota Timberwolves,0.7704533070713518
Toronto Raptors,Boston Celtics,0.6035990300690597
Milwaukee Bucks,Philadelphia 76ers,0.6497897944231135
Golden State Warriors,Houston Rockets,0.5804514266598146
Los Angeles Clippers,Los Angeles Lakers,0.6177632775036852
Denver Nuggets,New Orleans Pelicans,0.7340740252418846
Detroit Pistons,Washington Wizards,0.6088156718760515
Brooklyn Nets,New York Knicks,0.8517332644906015
Oklahoma City Thunder,Memphis Grizzlies,0.7234106424811965
San Antonio Spurs,Dallas Mavericks,0.6657787323050158
Sacramento Kings,Minnesota Timberwolves,0.5164338711692406
Portland Trail Blazers,Utah Jazz,0.5031540375741471
Boston Celtics,Cleveland Cavaliers,0.9048945271536293
Oklahoma City Thunder,Charlotte Hornets,0.6644205589797132
Philadelphia 76ers,Orlando Magic,0.7089305878095807
Milwaukee Bucks,Atlanta Hawks,0.8803333228914714
Indiana Pacers,Miami Heat,0.631134067608073
Golden State Warriors,Phoenix Suns,0.9274129504303588
Denver Nuggets,Memphis Grizzlies,0.7549148175227731
Toronto Raptors,Boston Celtics,0.5873758252744365
Indiana Pacers,New Orleans Pelicans,0.7023581845030142
Atlanta Hawks,Chicago Bulls,0.5847965189289264
Houston Rockets,Brooklyn Nets,0.6868137078909694
Philadelphia 76ers,Miami Heat,0.6422933512449709
Minnesota Timberwolves,Cleveland Cavaliers,0.8025487346201594
Washington Wizards,New York Knicks,0.7583844133997112
Golden State Warriors,Dallas Mavericks,0.8110774966287168
Milwaukee Bucks,Orlando Magic,0.6390411795182863
San Antonio Spurs,Detroit Pistons,0.6018200285758114
Sacramento Kings,Phoenix Suns,0.8025801416645802
Portland Trail Blazers,Los Angeles Lakers,0.7199098084362703
Utah Jazz,Los Angeles Clippers,0.5884964675717366
Toronto Raptors,Oklahoma City Thunder,0.6028492282592454
Denver Nuggets,Sacramento Kings,0.7163787591938964
Charlotte Hornets,Memphis Grizzlies,0.5676331986470363
Houston Rockets,New Orleans Pelicans,0.7346390328117569
Los Angeles Lakers,Dallas Mavericks,0.578289874450349
Orlando Magic,Atlanta Hawks,0.62329050676626
Miami Heat,Washington Wizards,0.5983759479105004
Milwaukee Bucks,Chicago Bulls,0.9197078066345143
Brooklyn Nets,Minnesota Timberwolves,0.5902952138387456
Utah Jazz,Detroit Pistons,0.6665377000856679
Portland Trail Blazers,Phoenix Suns,0.9086580268933905
Boston Celtics,Charlotte Hornets,0.6637217082303821
Philadelphia 76ers,Indiana Pacers,0.5437908707123017
Los Angeles Clippers,Sacramento Kings,0.6186705069884184
Houston Rockets,Denver Nuggets,0.53363618105778
Golden State Warriors,San Antonio Spurs,0.6453158617781062
Toronto Raptors,Cleveland Cavaliers,0.9349072024239695
Oklahoma City Thunder,Dallas Mavericks,0.7401994066816071
Orlando Magic,Washington Wizards,0.7448287309812605
Portland Trail Blazers,New York Knicks,0.8896257365462813
Milwaukee Bucks,Minnesota Timberwolves,0.7890227246031991
Los Angeles Lakers,Phoenix Suns,0.8031884638181993
Charlotte Hornets,Cleveland Cavaliers,0.7667398993138697
Denver Nuggets,Indiana Pacers,0.5911478963741692
Toronto Raptors,Miami Heat,0.7243988504244621
Utah Jazz,Chicago Bulls,0.8667489498690145
Golden State Warriors,Minnesota Timberwolves,0.7766434405143379
Brooklyn Nets,Dallas Mavericks,0.5882501021601658
Oklahoma City Thunder,San Antonio Spurs,0.5491610988676139
Sacramento Kings,Memphis Grizzlies,0.5563474138680625
Los Angeles Clippers,Detroit Pistons,0.5906104540989779
Boston Celtics,Atlanta Hawks,0.8055988500545681
Miami Heat,Orlando Magic,0.5475463710333109
Portland Trail Blazers,Washington Wizards,0.7712463257810345
Houston Rockets,Philadelphia 76ers,0.5812355645399024
Phoenix Suns,New York Knicks,0.5730860235603662
Los Angeles Lakers,New Orleans Pelicans,0.5301104598293511
Los Angeles Clippers,Memphis Grizzlies,0.6712580837316399
Toronto Raptors,Brooklyn Nets,0.7057381405471879
Utah Jazz,Orlando Magic,0.7362330552355458
Indiana Pacers,Atlanta Hawks,0.7764660215514197
Oklahoma City Thunder,Cleveland Cavaliers,0.8713371523777736
Boston Celtics,Chicago Bulls,0.8526420257066862
Denver Nuggets,Washington Wizards,0.7843563346702467
Charlotte Hornets,Dallas Mavericks,0.5283923013855911
Golden State Warriors,Detroit Pistons,0.735765289850485
Milwaukee Bucks,San Antonio Spurs,0.6613434604971647
Sacramento Kings,New Orleans Pelicans,0.5291528874298439
Los Angeles Clippers,New York Knicks,0.8829338159124113
Portland Trail Blazers,Miami Heat,0.6687544904033197
Minnesota Timberwolves,Cleveland Cavaliers,0.7531899216701323
Memphis Grizzlies,Phoenix Suns,0.7334459358556593
Detroit Pistons,Los Angeles Lakers,0.529265565890958
Indiana Pacers,Charlotte Hornets,0.64849527401798
Brooklyn Nets,Orlando Magic,0.6065369591801212
Philadelphia 76ers,Oklahoma City Thunder,0.5154102598637839
Boston Celtics,Washington Wizards,0.7535028245809661
Denver Nuggets,Atlanta Hawks,0.8155577184247618
Utah Jazz,New Orleans Pelicans,0.7394447214659028
Dallas Mavericks,Chicago Bulls,0.7627380197459088
Milwaukee Bucks,San Antonio Spurs,0.7062121315887473
Golden State Warriors,Sacramento Kings,0.7563196218470507
Detroit Pistons,Cleveland Cavaliers,0.7862550032036043
Toronto Raptors,Portland Trail Blazers,0.5799343886726643
Oklahoma City Thunder,Brooklyn Nets,0.6262346368613745
Minnesota Timberwolves,Memphis Grizzlies,0.5493156263952002
Sacramento Kings,Phoenix Suns,0.770406253602528
Los Angeles Lakers,New York Knicks,0.823002705530725
Boston Celtics,San Antonio Spurs,0.5381574476343217
Toronto Raptors,Charlotte Hornets,0.7391844307160194
Indiana Pacers,Miami Heat,0.6280407050355525
Orlando Magic,Washington Wizards,0.5175775997741352
Houston Rockets,Atlanta Hawks,0.8029642444605147
Denver Nuggets,Dallas Mavericks,0.7324821602571763
New Orleans Pelicans,Chicago Bulls,0.7455662563525359
Utah Jazz,New York Knicks,0.9126626530592835
Milwaukee Bucks,Golden State Warriors,0.5661201388245642
Detroit Pistons,Cleveland Cavaliers,0.8464084779652712
Philadelphia 76ers,Boston Celtics,0.5161926593912812
Portland Trail Blazers,Minnesota Timberwolves,0.7190650191377487
Houston Rockets,Oklahoma City Thunder,0.5213357024759393
Washington Wizards,Atlanta Hawks,0.5733659371839155
Brooklyn Nets,Miami Heat,0.551248220664705
Indiana Pacers,Chicago Bulls,0.8439586741125678
San Antonio Spurs,Memphis Grizzlies,0.700076830736845
New Orleans Pelicans,New York Knicks,0.7584053511369919
Los Angeles Lakers,Dallas Mavericks,0.5139964977460234
Orlando Magic,Phoenix Suns,0.8722062692021793
Utah Jazz,Charlotte Hornets,0.691058143364959
Milwaukee Bucks,Sacramento Kings,0.803947589208909
Golden State Warriors,Los Angeles Clippers,0.6559002387018951
Houston Rockets,Minnesota Timberwolves,0.7507478222776017
Boston Celtics,New Orleans Pelicans,0.7013363877666919
Detroit Pistons,Chicago Bulls,0.8120986184504492
Oklahoma City Thunder,Los Angeles Lakers,0.6865946737325269
Philadelphia 76ers,Dallas Mavericks,0.6929938630717642
Denver Nuggets,Cleveland Cavaliers,0.9179304094750096
Milwaukee Bucks,Portland Trail Blazers,0.6262804540782325
Miami Heat,New York Knicks,0.7807880392481245
Utah Jazz,Washington Wizards,0.7745915367526838
Brooklyn Nets,Atlanta Hawks,0.7109527012904224
Golden State Warriors,Memphis Grizzlies,0.8015916013830044
Toronto Raptors,San Antonio Spurs,0.6375459456561301
Denver Nuggets,Los Angeles Clippers,0.6022236351686446
Charlotte Hornets,Phoenix Suns,0.7767912075787387
Detroit Pistons,New Orleans Pelicans,0.5762855005149335
Philadelphia 76ers,Indiana Pacers,0.5437908707123017
Boston Celtics,Chicago Bulls,0.8818254065021662
Oklahoma City Thunder,Minnesota Timberwolves,0.6995133265450901
Portland Trail Blazers,Charlotte Hornets,0.7081308661490253
Orlando Magic,Sacramento Kings,0.6642028869566369
Los Angeles Lakers,Cleveland Cavaliers,0.8205016471602156
Atlanta Hawks,Phoenix Suns,0.6938245091813942
Utah Jazz,Brooklyn Nets,0.6524902838833633
Houston Rockets,Memphis Grizzlies,0.7472788503582921
Milwaukee Bucks,New York Knicks,0.9419291790263277
Golden State Warriors,Dallas Mavericks,0.8110774966287168
Los Angeles Clippers,Cleveland Cavaliers,0.8811573263460635
Boston Celtics,Detroit Pistons,0.6492822537610943
Philadelphia 76ers,Brooklyn Nets,0.6321510788912706
San Antonio Spurs,Miami Heat,0.6130930805337179
Washington Wizards,Chicago Bulls,0.6847513855334841
Indiana Pacers,Minnesota Timberwolves,0.6844625144185849
Toronto Raptors,Oklahoma City Thunder,0.5878202142249591
Denver Nuggets,Charlotte Hornets,0.7089132655564451
Houston Rockets,Portland Trail Blazers,0.5524617703706456
Sacramento Kings,Dallas Mavericks,0.5773522055115328
Orlando Magic,Los Angeles Lakers,0.6633450374332295
New York Knicks,Phoenix Suns,0.5353903064449866
Milwaukee Bucks,Boston Celtics,0.6283260248705445
Utah Jazz,New Orleans Pelicans,0.7394447214659028
Golden State Warriors,Denver Nuggets,0.5604568023110865
Orlando Magic,Los Angeles Clippers,0.5484849078794216
Indiana Pacers,Minnesota Timberwolves,0.6454603672762445
Philadelphia 76ers,Chicago Bulls,0.8875485714096516
Toronto Raptors,Washington Wizards,0.8022258712450684
Memphis Grizzlies,Cleveland Cavaliers,0.7776875469855333
Oklahoma City Thunder,Miami Heat,0.6738231551057404
San Antonio Spurs,Atlanta Hawks,0.7718577069800591
Portland Trail Blazers,Dallas Mavericks,0.7173549098160081
Los Angeles Clippers,New Orleans Pelicans,0.6641203885429756
Milwaukee Bucks,Brooklyn Nets,0.7677897666926286
Boston Celtics,Phoenix Suns,0.8946764189265985
Detroit Pistons,Atlanta Hawks,0.6694012786874017
Philadelphia 76ers,New York Knicks,0.8775787335169605
Chicago Bulls,Cleveland Cavaliers,0.6197941357103519
Toronto Raptors,Minnesota Timberwolves,0.7691750175529195
Golden State Warriors,Orlando Magic,0.6137334193890864
Houston Rockets,Los Angeles Lakers,0.7476278136132243
Portland Trail Blazers,Oklahoma City Thunder,0.5227670652411516
Utah Jazz,Sacramento Kings,0.6987869951921727
San Antonio Spurs,Miami Heat,0.6282065178565687
Denver Nuggets,Indiana Pacers,0.5591952965583727
Detroit Pistons,Washington Wizards,0.6248483978841679
Toronto Raptors,Atlanta Hawks,0.8421737793505224
Philadelphia 76ers,Brooklyn Nets,0.6209820671548605
Orlando Magic,Charlotte Hornets,0.6533417647155866
Cleveland Cavaliers,New York Knicks,0.5869870452937151
Houston Rockets,Oklahoma City Thunder,0.5757789996400793
New Orleans Pelicans,Memphis Grizzlies,0.5366643558223981
Miami Heat,Sacramento Kings,0.5378244534326548
Milwaukee Bucks,Chicago Bulls,0.9259576100940746
Boston Celtics,Los Angeles Lakers,0.6869891494885484
Denver Nuggets,Minnesota Timberwolves,0.7341346651232443
San Antonio Spurs,Phoenix Suns,0.8608690223882385
Utah Jazz,Indiana Pacers,0.5381397221547559
Golden State Warriors,Portland Trail Blazers,0.5591584110217527
Los Angeles Clippers,Dallas Mavericks,0.6431504704232305
Detroit Pistons,Sacramento Kings,0.5544632407496629
Oklahoma City Thunder,Orlando Magic,0.7135266058187437
Los Angeles Clippers,Atlanta Hawks,0.7442825081389957
Boston Celtics,Memphis Grizzlies,0.7237774215664526
Miami Heat,Washington Wizards,0.5927156875283855
Los Angeles Lakers,New York Knicks,0.7705723446206869
Toronto Raptors,Philadelphia 76ers,0.6081945383931177
Minnesota Timberwolves,Chicago Bulls,0.7234165062838328
Houston Rockets,Denver Nuggets,0.53363618105778
San Antonio Spurs,New Orleans Pelicans,0.6860679839158574
Indiana Pacers,Phoenix Suns,0.869809904334994
Golden State Warriors,Utah Jazz,0.5744010938806717
Washington Wizards,Cleveland Cavaliers,0.7170590844544481
Brooklyn Nets,Los Angeles Lakers,0.5657259778638168
Portland Trail Blazers,Dallas Mavericks,0.7697274184567446
Milwaukee Bucks,Charlotte Hornets,0.7962196728445385
Detroit Pistons,Memphis Grizzlies,0.602801191125893
Boston Celtics,Orlando Magic,0.712885828189171
Toronto Raptors,New York Knicks,0.9129941491780036
Sacramento Kings,Chicago Bulls,0.7309229277614918
Los Angeles Clippers,Miami Heat,0.589099255206752
Houston Rockets,Minnesota Timberwolves,0.7179047080002839
Denver Nuggets,New Orleans Pelicans,0.7502411569639849
Oklahoma City Thunder,Atlanta Hawks,0.8053114921019077
San Antonio Spurs,Phoenix Suns,0.8739774104897196
Golden State Warriors,Indiana Pacers,0.6187774464130105
Utah Jazz,Dallas Mavericks,0.7550112190119366
Brooklyn Nets,Detroit Pistons,0.5151906335226413
Cleveland Cavaliers,Chicago Bulls,0.5228460079409551
Oklahoma City Thunder,Minnesota Timberwolves,0.6995133265450901
Philadelphia 76ers,Los Angeles Lakers,0.698926582977181
Denver Nuggets,Houston Rockets,0.5195303907554729
Toronto Raptors,San Antonio Spurs,0.6355170370676542
Washington Wizards,Atlanta Hawks,0.5824650806224707
Memphis Grizzlies,Phoenix Suns,0.7574654759189503
Boston Celtics,New Orleans Pelicans,0.7162722188671349
Brooklyn Nets,New York Knicks,0.8193990418609516
Los Angeles Clippers,Orlando Magic,0.6604066587424753
Portland Trail Blazers,Indiana Pacers,0.5582612333533825
Detroit Pistons,Cleveland Cavaliers,0.8464084779652712
Orlando Magic,Miami Heat,0.6360856032157978
San Antonio Spurs,Chicago Bulls,0.8335821152483562
Sacramento Kings,Minnesota Timberwolves,0.5214078820179754
Oklahoma City Thunder,Dallas Mavericks,0.7401994066816071
Houston Rockets,Utah Jazz,0.5017199193684223
Charlotte Hornets,New York Knicks,0.8293886600883958
New Orleans Pelicans,Cleveland Cavaliers,0.7435902698662261
Boston Celtics,Miami Heat,0.6467028387125439
Golden State Warriors,Philadelphia 76ers,0.5840860494918556
Toronto Raptors,Atlanta Hawks,0.8621738232903927
Denver Nuggets,Memphis Grizzlies,0.7623781864817369
Milwaukee Bucks,Washington Wizards,0.8182926838777359
Dallas Mavericks,Phoenix Suns,0.78538756072522
Los Angeles Clippers,Los Angeles Lakers,0.6177632775036852
Indiana Pacers,Chicago Bulls,0.8589128488450151
Brooklyn Nets,Detroit Pistons,0.5235423862657067
Memphis Grizzlies,New York Knicks,0.7377582678931677
Utah Jazz,San Antonio Spurs,0.5771753339510304
Portland Trail Blazers,Houston Rockets,0.5185846368501221
Oklahoma City Thunder,Sacramento Kings,0.6751071821455226
Toronto Raptors,Cleveland Cavaliers,0.906489940351195
Charlotte Hornets,Washington Wizards,0.5981288913974105
Philadelphia 76ers,Atlanta Hawks,0.7847282496033301
Golden State Warriors,Boston Celtics,0.5976494959930365
Denver Nuggets,Utah Jazz,0.5133381022994398
Los Angeles Clippers,Sacramento Kings,0.6260834304914394
Toronto Raptors,Detroit Pistons,0.7107961947986534
Brooklyn Nets,Chicago Bulls,0.8158056055306202
Houston Rockets,Dallas Mavericks,0.7939266302405715
New Orleans Pelicans,Memphis Grizzlies,0.507136896943654
Milwaukee Bucks,Denver Nuggets,0.5869057027892197
Oklahoma City Thunder,Phoenix Suns,0.8776008099495315
Portland Trail Blazers,Los Angeles Lakers,0.6947411923559029
Los Angeles Clippers,Minnesota Timberwolves,0.6348982606842695
Indiana Pacers,New York Knicks,0.8875908707548181
Miami Heat,Orlando Magic,0.5475463710333109
Golden State Warriors,Cleveland Cavaliers,0.9100351417585467
Brooklyn Nets,Washington Wizards,0.6549160699033978
Boston Celtics,Philadelphia 76ers,0.5069815105569428
Dallas Mavericks,Atlanta Hawks,0.6409709526378463
San Antonio Spurs,Charlotte Hornets,0.6284465699658283
Portland Trail Blazers,Utah Jazz,0.5123915994620739
Sacramento Kings,Los Angeles Lakers,0.512286241672524
Denver Nuggets,Detroit Pistons,0.6706878826940279
Houston Rockets,New Orleans Pelicans,0.760165934125678
Milwaukee Bucks,Phoenix Suns,0.9343666222432033
Toronto Raptors,Chicago Bulls,0.9184620807122902
Orlando Magic,Charlotte Hornets,0.6533417647155866
Cleveland Cavaliers,New York Knicks,0.5869870452937151
Indiana Pacers,Dallas Mavericks,0.6995798180167785
Golden State Warriors,Washington Wizards,0.8207953640285278
Boston Celtics,Atlanta Hawks,0.7879615675318489
Brooklyn Nets,Phoenix Suns,0.8344884929749667
Philadelphia 76ers,Miami Heat,0.6422933512449709
Detroit Pistons,Memphis Grizzlies,0.5950074156143998
Sacramento Kings,Minnesota Timberwolves,0.5164338711692406
San Antonio Spurs,Los Angeles Clippers,0.5240985897825052
Milwaukee Bucks,New Orleans Pelicans,0.833266067827996
Houston Rockets,Charlotte Hornets,0.7365880186157195
Denver Nuggets,Portland Trail Blazers,0.5180982691241157
San Antonio Spurs,Los Angeles Lakers,0.6411030378921242
Detroit Pistons,Phoenix Suns,0.831079652060941
Boston Celtics,Orlando Magic,0.513707882111806
Golden State Warriors,Brooklyn Nets,0.7144972295609762
Toronto Raptors,Indiana Pacers,0.6196295591208557
Minnesota Timberwolves,Atlanta Hawks,0.6390241101707475
Oklahoma City Thunder,Cleveland Cavaliers,0.9047365885995701
Dallas Mavericks,Memphis Grizzlies,0.530261884669164
Denver Nuggets,Utah Jazz,0.5221081628851204
Los Angeles Clippers,Miami Heat,0.6172673654165052
Orlando Magic,New York Knicks,0.8746573651143589
New Orleans Pelicans,Chicago Bulls,0.7130999311523144
Milwaukee Bucks,Philadelphia 76ers,0.6328092578618689
Portland Trail Blazers,San Antonio Spurs,0.5770953503890683
Houston Rockets,Los Angeles Lakers,0.6935232378641021
Philadelphia 76ers,Memphis Grizzlies,0.7348533429014382
Dallas Mavericks,Washington Wizards,0.5192967948583468
Boston Celtics,Atlanta Hawks,0.8055988500545681
Toronto Raptors,Indiana Pacers,0.6356814503977084
Oklahoma City Thunder,Detroit Pistons,0.6488645462533122
Houston Rockets,Phoenix Suns,0.8868553248026216
Miami Heat,Sacramento Kings,0.5023909680173253
Portland Trail Blazers,Utah Jazz,0.5031540375741471
Milwaukee Bucks,Orlando Magic,0.8309464723261265
Charlotte Hornets,Dallas Mavericks,0.5890967907645122
Detroit Pistons,New York Knicks,0.8486151618732903
Indiana Pacers,New Orleans Pelicans,0.6570394108928879
Toronto Raptors,Brooklyn Nets,0.7103627908970274
Los Angeles Clippers,Minnesota Timberwolves,0.6450874184469055
Golden State Warriors,Los Angeles Lakers,0.7675035732001954
Denver Nuggets,Phoenix Suns,0.8947894818631903
San Antonio Spurs,Sacramento Kings,0.6419869749344211
Oklahoma City Thunder,Boston Celtics,0.5017121269719472
Atlanta Hawks,New York Knicks,0.7208220449658179
Philadelphia 76ers,Chicago Bulls,0.8875485714096516
Memphis Grizzlies,Washington Wizards,0.5406072852201137
Houston Rockets,Utah Jazz,0.5477447414095253
Los Angeles Clippers,Cleveland Cavaliers,0.8409570744175912
Portland Trail Blazers,Miami Heat,0.7079183689723639
Detroit Pistons,Charlotte Hornets,0.5454401092583773
Indiana Pacers,Brooklyn Nets,0.5699884191916597
Orlando Magic,Atlanta Hawks,0.62329050676626
Toronto Raptors,Minnesota Timberwolves,0.771091810832381
Milwaukee Bucks,Sacramento Kings,0.7826551511149482
Utah Jazz,Dallas Mavericks,0.7212033244044147
Denver Nuggets,San Antonio Spurs,0.578019691638832
Golden State Warriors,Miami Heat,0.7568615799304074
Los Angeles Lakers,Phoenix Suns,0.8031884638181993
Philadelphia 76ers,Los Angeles Clippers,0.576672323097693
Washington Wizards,Chicago Bulls,0.707602090412556
Portland Trail Blazers,New Orleans Pelicans,0.7357558477773408
Oklahoma City Thunder,San Antonio Spurs,0.5377016251034019
Houston Rockets,Boston Celtics,0.576544009738881
Atlanta Hawks,Cleveland Cavaliers,0.6216884766040818
Detroit Pistons,Orlando Magic,0.5749895083249368
Toronto Raptors,Brooklyn Nets,0.7057381405471879
Milwaukee Bucks,Indiana Pacers,0.706359389906613
Washington Wizards,New York Knicks,0.732856381198981
Portland Trail Blazers,Memphis Grizzlies,0.7483606903119902
Charlotte Hornets,Minnesota Timberwolves,0.5304974290387829
Sacramento Kings,Dallas Mavericks,0.5192989287873478
Golden State Warriors,Phoenix Suns,0.9145995207960433
Utah Jazz,Miami Heat,0.690838643029641
Denver Nuggets,Los Angeles Lakers,0.7206730876673351
Boston Celtics,Los Angeles Clippers,0.5629188886942403
Oklahoma City Thunder,New Orleans Pelicans,0.7169084400068307
Milwaukee Bucks,Detroit Pistons,0.7721256114799627
Miami Heat,Atlanta Hawks,0.6442829349030755
Charlotte Hornets,Chicago Bulls,0.7380325351145661
Philadelphia 76ers,Brooklyn Nets,0.6321510788912706
Sacramento Kings,Memphis Grizzlies,0.5563474138680625
Golden State Warriors,Houston Rockets,0.5804514266598146
Orlando Magic,Dallas Mavericks,0.5326323899550869
Washington Wizards,Cleveland Cavaliers,0.755241816212009
Indiana Pacers,New York Knicks,0.8723002333802884
Toronto Raptors,Phoenix Suns,0.9276558531413285
Boston Celtics,Minnesota Timberwolves,0.6988544333731006
Denver Nuggets,Oklahoma City Thunder,0.5416545579163574
Utah Jazz,San Antonio Spurs,0.557151199104195
Los Angeles Lakers,Memphis Grizzlies,0.5572959507881866
Portland Trail Blazers,New Orleans Pelicans,0.7333338150762259
Los Angeles Clippers,Sacramento Kings,0.6260834304914394
Brooklyn Nets,Charlotte Hornets,0.5506410357555422
Dallas Mavericks,Atlanta Hawks,0.5677127024254347
Chicago Bulls,Phoenix Suns,0.5927311587746448
Miami Heat,Cleveland Cavaliers,0.8374767072616626
Milwaukee Bucks,Philadelphia 76ers,0.6328092578618689
Houston Rockets,Utah Jazz,0.5017199193684223
Boston Celtics,Los Angeles Lakers,0.6735751048120817
Denver Nuggets,Minnesota Timberwolves,0.724003312560208
Toronto Raptors,Indiana Pacers,0.6196295591208557
Washington Wizards,Chicago Bulls,0.6847513855334841
Oklahoma City Thunder,San Antonio Spurs,0.5377016251034019
Golden State Warriors,New Orleans Pelicans,0.7793456796641971
Portland Trail Blazers,Detroit Pistons,0.6843465273077683
Miami Heat,Cleveland Cavaliers,0.7669236919078104
Philadelphia 76ers,Atlanta Hawks,0.8142359735445639
Milwaukee Bucks,Washington Wizards,0.8581843404868987
Orlando Magic,Brooklyn Nets,0.6146263807926935
Houston Rockets,New York Knicks,0.9288942529559725
Minnesota Timberwolves,Dallas Mavericks,0.5098478043403032
Utah Jazz,Phoenix Suns,0.9016865305937012
Los Angeles Clippers,Memphis Grizzlies,0.6712580837316399
Indiana Pacers,Charlotte Hornets,0.6282808008552732
Milwaukee Bucks,Toronto Raptors,0.56523226297776
Oklahoma City Thunder,Chicago Bulls,0.8530351982072072
Denver Nuggets,Detroit Pistons,0.6851643375815261
Los Angeles Lakers,New Orleans Pelicans,0.5301104598293511
Portland Trail Blazers,Boston Celtics,0.5415579065825563
Golden State Warriors,Sacramento Kings,0.7636931347698014
Charlotte Hornets,New York Knicks,0.8293886600883958
Philadelphia 76ers,Cleveland Cavaliers,0.868807444310461
Brooklyn Nets,Washington Wizards,0.6549160699033978
Orlando Magic,Atlanta Hawks,0.7801462550115905
Miami Heat,Minnesota Timberwolves,0.5472152021599015
San Antonio Spurs,Dallas Mavericks,0.6997289872387732
Houston Rockets,Memphis Grizzlies,0.7795759008413407
Los Angeles Clippers,Phoenix Suns,0.8484424670733346
Utah Jazz,Boston Celtics,0.5213279241714476
Philadelphia 76ers,New York Knicks,0.9110090334920986
Portland Trail Blazers,Indiana Pacers,0.5726909549602995
Oklahoma City Thunder,Sacramento Kings,0.6820076037179251
Golden State Warriors,Los Angeles Lakers,0.7675035732001954
Minnesota Timberwolves,Orlando Magic,0.5288276830824372
Brooklyn Nets,Atlanta Hawks,0.6976261027392132
Toronto Raptors,Charlotte Hornets,0.7577147503324368
Sacramento Kings,Memphis Grizzlies,0.5586644866416919
Miami Heat,Dallas Mavericks,0.6072051678993704
Milwaukee Bucks,Oklahoma City Thunder,0.6275941377622191
New Orleans Pelicans,Cleveland Cavaliers,0.7888661669997137
Detroit Pistons,Phoenix Suns,0.7956894708988071
Utah Jazz,Washington Wizards,0.7436723830028238
Denver Nuggets,Los Angeles Clippers,0.6021826214635525
New York Knicks,Chicago Bulls,0.5030510908996152
Portland Trail Blazers,Atlanta Hawks,0.8038702721549117
Brooklyn Nets,Miami Heat,0.5319351112978216
Indiana Pacers,Cleveland Cavaliers,0.8632096983672676
Los Angeles Lakers,Memphis Grizzlies,0.5534228639896324
Houston Rockets,Boston Celtics,0.5208780586645407
Orlando Magic,San Antonio Spurs,0.5369291654734138
Golden State Warriors,Phoenix Suns,0.9145995207960433
Milwaukee Bucks,Charlotte Hornets,0.7962196728445385
Philadelphia 76ers,Los Angeles Clippers,0.5551418946206191
Minnesota Timberwolves,Dallas Mavericks,0.5494151598292487
Toronto Raptors,Denver Nuggets,0.5477058225993167
Detroit Pistons,Sacramento Kings,0.5302231125768984
Los Angeles Lakers,New Orleans Pelicans,0.5370934150560929
Golden State Warriors,Washington Wizards,0.8016518722956115
Utah Jazz,Cleveland Cavaliers,0.8835761761955772
Houston Rockets,New York Knicks,0.8890611879780062
Portland Trail Blazers,Orlando Magic,0.7325151597911297
Memphis Grizzlies,Atlanta Hawks,0.5885773249704849
Milwaukee Bucks,Miami Heat,0.783721369744313
Dallas Mavericks,Chicago Bulls,0.6715752369337189
Indiana Pacers,San Antonio Spurs,0.5316219178308476
San Antonio Spurs,Charlotte Hornets,0.6308067009196203
Boston Celtics,Brooklyn Nets,0.6190092650335424
Minnesota Timberwolves,New Orleans Pelicans,0.5329627346811592
Oklahoma City Thunder,Los Angeles Clippers,0.5624676357262038
Golden State Warriors,Denver Nuggets,0.5582243314046896
Toronto Raptors,Phoenix Suns,0.9112166378344598
Philadelphia 76ers,Los Angeles Lakers,0.6693295173762608
Sacramento Kings,Washington Wizards,0.5625548501348293
Boston Celtics,Cleveland Cavaliers,0.8709855375594653
Oklahoma City Thunder,Detroit Pistons,0.6319465794588282
Orlando Magic,Miami Heat,0.6360856032157978
Brooklyn Nets,Memphis Grizzlies,0.6086474515790917
Utah Jazz,New York Knicks,0.8914833859776786
Minnesota Timberwolves,Chicago Bulls,0.7612054719336756
Dallas Mavericks,New Orleans Pelicans,0.5028970874572624
Milwaukee Bucks,Indiana Pacers,0.6439464528005858
Portland Trail Blazers,Washington Wizards,0.758852149110842
Denver Nuggets,Charlotte Hornets,0.7013590059465125
Houston Rockets,Los Angeles Clippers,0.6348166056409873
Philadelphia 76ers,Sacramento Kings,0.670179699624045
Golden State Warriors,Toronto Raptors,0.5137615146860556
Washington Wizards,Atlanta Hawks,0.5733659371839155
San Antonio Spurs,Brooklyn Nets,0.5911495059571632
Oklahoma City Thunder,New York Knicks,0.8799626778058964
Utah Jazz,Boston Celtics,0.5270627965426726
Indiana Pacers,Chicago Bulls,0.8439586741125678
Orlando Magic,Minnesota Timberwolves,0.6890508803463811
Miami Heat,New Orleans Pelicans,0.5516564207614547
Dallas Mavericks,Memphis Grizzlies,0.530261884669164
Portland Trail Blazers,Phoenix Suns,0.8874296773204872
Milwaukee Bucks,Los Angeles Lakers,0.8033410389220776
Houston Rockets,Charlotte Hornets,0.6839894903398406
Utah Jazz,Detroit Pistons,0.6580200978891639
Denver Nuggets,Cleveland Cavaliers,0.8892944781992218
Memphis Grizzlies,Atlanta Hawks,0.6037395561835798
Golden State Warriors,Philadelphia 76ers,0.6073330425190002
Portland Trail Blazers,Sacramento Kings,0.7156083761030264
Brooklyn Nets,Chicago Bulls,0.8158056055306202
Los Angeles Clippers,Los Angeles Lakers,0.6310407892136046
Minnesota Timberwolves,New Orleans Pelicans,0.500784662416439
Boston Celtics,Oklahoma City Thunder,0.5013874090379961
Milwaukee Bucks,Phoenix Suns,0.9339912649372473
Indiana Pacers,Dallas Mavericks,0.6826347369272124
Houston Rockets,Orlando Magic,0.5877725955014184
Miami Heat,Washington Wizards,0.5983759479105004
San Antonio Spurs,Cleveland Cavaliers,0.8538916829483826
Detroit Pistons,New York Knicks,0.7992704128775173
Toronto Raptors,Sacramento Kings,0.7483917869536433
Charlotte Hornets,Atlanta Hawks,0.6440473191678984
Milwaukee Bucks,Denver Nuggets,0.6253933151818288
Toronto Raptors,Utah Jazz,0.568674835096588
Boston Celtics,Indiana Pacers,0.5485611671175168
Washington Wizards,New York Knicks,0.7583844133997112
Chicago Bulls,Cleveland Cavaliers,0.6197941357103519
Houston Rockets,Minnesota Timberwolves,0.7507478222776017
Orlando Magic,Memphis Grizzlies,0.720258781355083
San Antonio Spurs,Dallas Mavericks,0.6997289872387732
Portland Trail Blazers,Phoenix Suns,0.9086580268933905
Golden State Warriors,Los Angeles Clippers,0.65953088772949
Brooklyn Nets,Los Angeles Lakers,0.5616193736478097
Atlanta Hawks,New York Knicks,0.7208220449658179
Miami Heat,Charlotte Hornets,0.5287507489083072
Philadelphia 76ers,Detroit Pistons,0.6619501066595419
Utah Jazz,Oklahoma City Thunder,0.5275198914534291
Denver Nuggets,Dallas Mavericks,0.7324821602571763
Sacramento Kings,New Orleans Pelicans,0.5291528874298439
Orlando Magic,Chicago Bulls,0.7487030694665627
Milwaukee Bucks,Boston Celtics,0.6283260248705445
Portland Trail Blazers,Memphis Grizzlies,0.7542131946232785
Golden State Warriors,Brooklyn Nets,0.7096186842187974
Houston Rockets,Los Angeles Lakers,0.6935232378641021
Charlotte Hornets,Cleveland Cavaliers,0.8269588655939912
Boston Celtics,Washington Wizards,0.7287842479318745
Miami Heat,New York Knicks,0.8397874259527066
Oklahoma City Thunder,Minnesota Timberwolves,0.6901565119698716
Denver Nuggets,San Antonio Spurs,0.5909763170876536
Utah Jazz,New Orleans Pelicans,0.7171464620523084
Los Angeles Clippers,Brooklyn Nets,0.5587150904509993
Dallas Mavericks,Phoenix Suns,0.78538756072522
Atlanta Hawks,Cleveland Cavaliers,0.7173729602066456
Philadelphia 76ers,Indiana Pacers,0.5330232607986418
Toronto Raptors,Detroit Pistons,0.7364672777892968
Miami Heat,Chicago Bulls,0.801639224595474
Milwaukee Bucks,Golden State Warriors,0.5301331629944461
San Antonio Spurs,Minnesota Timberwolves,0.6456227963999304
Utah Jazz,Memphis Grizzlies,0.7388419116231523
Los Angeles Clippers,New Orleans Pelicans,0.6466334072707502
Portland Trail Blazers,Houston Rockets,0.5185846368501221
Charlotte Hornets,Orlando Magic,0.5472917028129878
Oklahoma City Thunder,Washington Wizards,0.7540842236638428
Boston Celtics,Chicago Bulls,0.8526420257066862
Denver Nuggets,Los Angeles Lakers,0.7105904553777826
Brooklyn Nets,Sacramento Kings,0.5625655014044865
Philadelphia 76ers,Washington Wizards,0.7397316002334641
Milwaukee Bucks,Miami Heat,0.7762111443822707
New Orleans Pelicans,Atlanta Hawks,0.6193840609320055
Toronto Raptors,Golden State Warriors,0.5040300744687831
San Antonio Spurs,Memphis Grizzlies,0.681450452014746
Utah Jazz,Los Angeles Lakers,0.7032373418939016
Los Angeles Clippers,Dallas Mavericks,0.6898552858010196
Orlando Magic,Detroit Pistons,0.6204081921717204
Charlotte Hornets,New York Knicks,0.7806120519547058
Houston Rockets,Cleveland Cavaliers,0.9277581512168559
Oklahoma City Thunder,Memphis Grizzlies,0.7300825091448787
Portland Trail Blazers,Minnesota Timberwolves,0.7232456387650205
Sacramento Kings,Dallas Mavericks,0.5773522055115328
Toronto Raptors,Philadelphia 76ers,0.5737130761855463
Oklahoma City Thunder,Atlanta Hawks,0.7884845056368678
Boston Celtics,New York Knicks,0.9063538971479704
Brooklyn Nets,Washington Wizards,0.6146300010655366
Golden State Warriors,Indiana Pacers,0.6454783207429234
Miami Heat,Chicago Bulls,0.7382312247267084
San Antonio Spurs,New Orleans Pelicans,0.6860679839158574
Denver Nuggets,Los Angeles Clippers,0.6022236351686446
Utah Jazz,Los Angeles Lakers,0.6987682146302908
Minnesota Timberwolves,Phoenix Suns,0.7636451206771686
Philadelphia 76ers,Charlotte Hornets,0.6594127655071754
Orlando Magic,Cleveland Cavaliers,0.7916183544527462
Houston Rockets,Sacramento Kings,0.7436004493398316
Milwaukee Bucks,Memphis Grizzlies,0.8145176962902163
Portland Trail Blazers,Dallas Mavericks,0.7697274184567446
Golden State Warriors,Detroit Pistons,0.7194645726178605
Indiana Pacers,Miami Heat,0.6280407050355525
Washington Wizards,Atlanta Hawks,0.5824650806224707
Toronto Raptors,Boston Celtics,0.6035990300690597
Denver Nuggets,Oklahoma City Thunder,0.5416545579163574
San Antonio Spurs,Chicago Bulls,0.8589988492112044
Utah Jazz,Minnesota Timberwolves,0.7066908377715774
Los Angeles Clippers,Phoenix Suns,0.8687587842464761
Boston Celtics,Brooklyn Nets,0.6255010860741173
Charlotte Hornets,Los Angeles Lakers,0.5243493196984997
Indiana Pacers,Cleveland Cavaliers,0.8858759177568573
Sacramento Kings,Orlando Magic,0.5382442868709767
Philadelphia 76ers,Atlanta Hawks,0.8142359735445639
Golden State Warriors,New York Knicks,0.9163155242243901
Houston Rockets,Chicago Bulls,0.9096813710390704
New Orleans Pelicans,Memphis Grizzlies,0.5366643558223981
Milwaukee Bucks,Washington Wizards,0.8581843404868987
Dallas Mavericks,Phoenix Suns,0.7163879681038612
Detroit Pistons,Los Angeles Lakers,0.5597023672999227
Toronto Raptors,Denver Nuggets,0.5613468621212707
Portland Trail Blazers,Minnesota Timberwolves,0.7190650191377487
Sacramento Kings,New Orleans Pelicans,0.5423682125418043
Utah Jazz,San Antonio Spurs,0.5771753339510304
Indiana Pacers,Phoenix Suns,0.8738992048114252
Los Angeles Clippers,New York Knicks,0.8512716334501989
Boston Celtics,Washington Wizards,0.7535028245809661
Orlando Magic,Brooklyn Nets,0.6146263807926935
Oklahoma City Thunder,Miami Heat,0.6474182695221657
Denver Nuggets,Chicago Bulls,0.873175111162634
Milwaukee Bucks,Detroit Pistons,0.7562530623182113
Houston Rockets,Dallas Mavericks,0.7161903233601317
Portland Trail Blazers,Charlotte Hornets,0.685228136254534
Sacramento Kings,Cleveland Cavaliers,0.7601562001989062
Toronto Raptors,Los Angeles Lakers,0.7681478127900584
Philadelphia 76ers,Minnesota Timberwolves,0.6947886547278945
New Orleans Pelicans,Memphis Grizzlies,0.507136896943654
Utah Jazz,San Antonio Spurs,0.557151199104195
Los Angeles Clippers,Brooklyn Nets,0.5667564872278719
Portland Trail Blazers,Detroit Pistons,0.6537182861201416
Indiana Pacers,Orlando Magic,0.6988755411381343
Washington Wizards,Phoenix Suns,0.73367722364006
Denver Nuggets,Miami Heat,0.6853419083903343
Toronto Raptors,New York Knicks,0.9129941491780036
Boston Celtics,Memphis Grizzlies,0.7294647226805522
Milwaukee Bucks,Houston Rockets,0.6065418263878813
Golden State Warriors,Atlanta Hawks,0.8617438260227619
Los Angeles Lakers,Cleveland Cavaliers,0.7562635850847419
Philadelphia 76ers,Chicago Bulls,0.8502075069982736
San Antonio Spurs,Minnesota Timberwolves,0.6676563246946994
Oklahoma City Thunder,Charlotte Hornets,0.6740490362680144
Utah Jazz,Dallas Mavericks,0.7212033244044147
Sacramento Kings,Atlanta Hawks,0.6647949752202585
Los Angeles Clippers,Detroit Pistons,0.5727572586513119
Houston Rockets,Indiana Pacers,0.5712865320290543
Brooklyn Nets,Orlando Magic,0.6065369591801212
Philadelphia 76ers,Phoenix Suns,0.8998478975851376
Portland Trail Blazers,Boston Celtics,0.522309535998382
New Orleans Pelicans,New York Knicks,0.7916961149173983
Milwaukee Bucks,Washington Wizards,0.8182926838777359
Denver Nuggets,San Antonio Spurs,0.578019691638832
Brooklyn Nets,Cleveland Cavaliers,0.8495639747812461
Los Angeles Clippers,Charlotte Hornets,0.607207596150493
Chicago Bulls,New York Knicks,0.6238095738888753
Toronto Raptors,Memphis Grizzlies,0.7947369013462725
Miami Heat,Phoenix Suns,0.8214445174380096
Los Angeles Lakers,Washington Wizards,0.5841866285671137
Golden State Warriors,Oklahoma City Thunder,0.6019836707510436
Utah Jazz,Atlanta Hawks,0.8173272439149812
Milwaukee Bucks,Dallas Mavericks,0.8199941029853287
Houston Rockets,Detroit Pistons,0.6524185424998405
Boston Celtics,Minnesota Timberwolves,0.6905485251252621
New Orleans Pelicans,Orlando Magic,0.5161079154221073
Portland Trail Blazers,Philadelphia 76ers,0.5082958679316374
Golden State Warriors,San Antonio Spurs,0.6367104374157769
Indiana Pacers,Sacramento Kings,0.6594290882253229
Charlotte Hornets,Miami Heat,0.5096876815476965
Cleveland Cavaliers,Phoenix Suns,0.5550364784321715
Portland Trail Blazers,Brooklyn Nets,0.6481561057723042
Toronto Raptors,Memphis Grizzlies,0.7981994104699841
Los Angeles Lakers,Minnesota Timberwolves,0.5161070370596472
Denver Nuggets,Oklahoma City Thunder,0.5417207177971288
Utah Jazz,Chicago Bulls,0.8895852944297995
Indiana Pacers,Los Angeles Clippers,0.5431974244460211
New Orleans Pelicans,Atlanta Hawks,0.6148379087096145
Houston Rockets,Philadelphia 76ers,0.5068620451717426
Golden State Warriors,Denver Nuggets,0.5604568023110865
San Antonio Spurs,Sacramento Kings,0.6419869749344211
Charlotte Hornets,Orlando Magic,0.5472917028129878
New Orleans Pelicans,Washington Wizards,0.5676807465735574
Boston Celtics,Miami Heat,0.6742260787383992
Brooklyn Nets,Detroit Pistons,0.5235423862657067
Memphis Grizzlies,New York Knicks,0.7806256614514722
Minnesota Timberwolves,Dallas Mavericks,0.5494151598292487
Oklahoma City Thunder,Phoenix Suns,0.8945034897989117
Milwaukee Bucks,Toronto Raptors,0.5407176485433897
Utah Jazz,Cleveland Cavaliers,0.9112919755597176
Indiana Pacers,Los Angeles Lakers,0.6585653123390225
Golden State Warriors,Houston Rockets,0.5239220062462127
Los Angeles Clippers,Sacramento Kings,0.6186705069884184
Portland Trail Blazers,Utah Jazz,0.5123915994620739
Detroit Pistons,Miami Heat,0.5451852402582971
Indiana Pacers,Brooklyn Nets,0.5699884191916597
Philadelphia 76ers,Washington Wizards,0.7499108263930077
Charlotte Hornets,Atlanta Hawks,0.6440473191678984
Boston Celtics,Orlando Magic,0.513707882111806
Minnesota Timberwolves,New York Knicks,0.7676236790510986
Milwaukee Bucks,Toronto Raptors,0.56523226297776
Memphis Grizzlies,Dallas Mavericks,0.512059708665477
Golden State Warriors,San Antonio Spurs,0.6453158617781062
Denver Nuggets,Chicago Bulls,0.8976657255647985
Phoenix Suns,Cleveland Cavaliers,0.5689033248023521
Oklahoma City Thunder,Los Angeles Clippers,0.5606613613060996
Sacramento Kings,Los Angeles Lakers,0.512286241672524
Charlotte Hornets,Atlanta Hawks,0.6754754987644818
Philadelphia 76ers,Orlando Magic,0.5277106239287644
Milwaukee Bucks,Boston Celtics,0.6624488456996172
Indiana Pacers,Washington Wizards,0.6867399070043488
Miami Heat,New York Knicks,0.7807880392481245
Brooklyn Nets,Dallas Mavericks,0.6288280770341618
Denver Nuggets,Utah Jazz,0.5133381022994398
Phoenix Suns,Chicago Bulls,0.5085934582867305
Toronto Raptors,Houston Rockets,0.5132988535149545
Detroit Pistons,Minnesota Timberwolves,0.5583936539312446
San Antonio Spurs,New Orleans Pelicans,0.6571993525523265
Portland Trail Blazers,Memphis Grizzlies,0.7542131946232785
Sacramento Kings,Cleveland Cavaliers,0.8199348411058722
Oklahoma City Thunder,Los Angeles Lakers,0.6742635279875946
Toronto Raptors,Washington Wizards,0.8144505487172757
Detroit Pistons,Atlanta Hawks,0.6694012786874017
Indiana Pacers,Miami Heat,0.631134067608073
Milwaukee Bucks,Philadelphia 76ers,0.6497897944231135
Minnesota Timberwolves,Phoenix Suns,0.7839598747092715
Charlotte Hornets,New Orleans Pelicans,0.5514021705988508
Oklahoma City Thunder,Brooklyn Nets,0.6185766830233436
Houston Rockets,Dallas Mavericks,0.7161903233601317
San Antonio Spurs,Sacramento Kings,0.6369188201526517
Denver Nuggets,Memphis Grizzlies,0.7549148175227731
Portland Trail Blazers,Cleveland Cavaliers,0.9176445521461868
Utah Jazz,Los Angeles Clippers,0.5816858641230388
Los Angeles Lakers,Chicago Bulls,0.7818958690406793
Boston Celtics,Indiana Pacers,0.519034471585125
Toronto Raptors,Charlotte Hornets,0.7391844307160194
Orlando Magic,New York Knicks,0.8746573651143589
Houston Rockets,San Antonio Spurs,0.611315882673935
Golden State Warriors,Cleveland Cavaliers,0.934686932645723
Los Angeles Clippers,Chicago Bulls,0.8532640962452918
Miami Heat,Detroit Pistons,0.5006565029134712
Milwaukee Bucks,Brooklyn Nets,0.7313936553069947
Sacramento Kings,Minnesota Timberwolves,0.5214078820179754
New Orleans Pelicans,Phoenix Suns,0.769359365029495
Denver Nuggets,Portland Trail Blazers,0.501809451009358
Golden State Warriors,Los Angeles Lakers,0.7556105124785005
Boston Celtics,Orlando Magic,0.712885828189171
Toronto Raptors,Atlanta Hawks,0.8621738232903927
Houston Rockets,Washington Wizards,0.7838733361220783
Oklahoma City Thunder,New York Knicks,0.9061981308977507
Philadelphia 76ers,San Antonio Spurs,0.5436147608181108
Detroit Pistons,Dallas Mavericks,0.5563089932913126
Charlotte Hornets,Washington Wizards,0.5744075187588228
Orlando Magic,Indiana Pacers,0.5371056584431404
Philadelphia 76ers,New Orleans Pelicans,0.7123448050702494
Milwaukee Bucks,Cleveland Cavaliers,0.9303844233180815
Brooklyn Nets,Chicago Bulls,0.782247512513226
Oklahoma City Thunder,Memphis Grizzlies,0.7300825091448787
Boston Celtics,Miami Heat,0.6467028387125439
Golden State Warriors,Los Angeles Clippers,0.6559002387018951
Denver Nuggets,Sacramento Kings,0.7163787591938964
Utah Jazz,Phoenix Suns,0.8893196890744131
Houston Rockets,San Antonio Spurs,0.5711126649084601
Toronto Raptors,New York Knicks,0.9359386387221194
Milwaukee Bucks,Atlanta Hawks,0.874134661927364
Los Angeles Lakers,Minnesota Timberwolves,0.517393718939046
Charlotte Hornets,Miami Heat,0.5096876815476965
Brooklyn Nets,Cleveland Cavaliers,0.8073742389363505
Boston Celtics,Detroit Pistons,0.6312176373310213
San Antonio Spurs,Indiana Pacers,0.5126508360041857
Orlando Magic,Chicago Bulls,0.8467470358243743
Houston Rockets,Phoenix Suns,0.9197787332570966
Philadelphia 76ers,Memphis Grizzlies,0.7256499766632883
New Orleans Pelicans,Washington Wizards,0.5134306907526817
Utah Jazz,Oklahoma City Thunder,0.5275198914534291
Denver Nuggets,Dallas Mavericks,0.7703982365226706
Golden State Warriors,Portland Trail Blazers,0.5790537620244675
Los Angeles Clippers,Minnesota Timberwolves,0.6348982606842695
Toronto Raptors,Miami Heat,0.7243988504244621
Detroit Pistons,New York Knicks,0.7992704128775173
Denver Nuggets,Utah Jazz,0.5221081628851204
Los Angeles Lakers,Sacramento Kings,0.507940629621897
Atlanta Hawks,Cleveland Cavaliers,0.7173729602066456
Boston Celtics,Chicago Bulls,0.8818254065021662
Milwaukee Bucks,Brooklyn Nets,0.7677897666926286
Oklahoma City Thunder,Dallas Mavericks,0.6977342311886002
Houston Rockets,Memphis Grizzlies,0.7795759008413407
Minnesota Timberwolves,New York Knicks,0.8052405648317269
Toronto Raptors,Orlando Magic,0.7809568884884086
Philadelphia 76ers,Charlotte Hornets,0.6866493001193649
San Antonio Spurs,New Orleans Pelicans,0.6571993525523265
Indiana Pacers,Washington Wizards,0.7407537584709754
Los Angeles Lakers,Phoenix Suns,0.7666289226792729
Portland Trail Blazers,Los Angeles Clippers,0.6013157433073394
Golden State Warriors,Sacramento Kings,0.7563196218470507
